https://chat.binjie.site:7777/,可用
https://ai.bo-e.com/,可用
http://ai.usesless.com/,可用
https://chat.wobcw.com/,可用
http://175.178.88.119/,可用
http://www.tdchat.vip/,可用
http://chat.forwardminded.xyz/,可用
https://chat1.wuguokai.top/s/chatgpt,可用
https://chat.wuguokai.cn/s/chatgpt,可用
http://chat.livepo.top/,可用
https://aigcfun.com/,可用
https://chat.eaten.fun/,可用
https://chat.opengpt88.com/,可用
https://chat.extnav.com/,可用
https://chat.paoying.net/,可用
https://chat.wxredcover.cn/,可用
https://ai.yiios.com/,可用
https://chat.alpaca-bi.com/,可用
https://codenews.cc/chatgpt,可用
https://chat.zecoba.cn/,可用
https://gpt.intercat.cn/,可用
https://chat.forchange.cn/,可用
https://www.chat2ai.cn/,可用
https://www.bz1y.cn/,可用
https://chat.qingting.work,可用
http://zhimachat.com/,可用
https://ai-toolbox.codefuture.top/,可用
https://harry-potter.openai-lab.com,可用
https://chatexcel.com/,可用
https://typeset.io/,可用
https://yiyan.baidu.com/welcome,可用
https://www.cluebenchmarks.com/clueai.html,可用
https://chatdoc.com/,可用
https://ai.free-tools.cn/,可用
https://www.sqlkiller.com/,可用
https://www.deepl.com/zh/write,可用
https://heyfriday.cn/,可用
https://promptperfect.jinaai.cn/,可用
https://github.com/features/copilot/,可用
https://www.aixcoder.com/,可用
http://models.aminer.cn/,可用
https://ai.usesless.com/scene,可用
https://ai.bo-e.com/,可用
https://chatexcel.com/,可用
http://chatppt.yoo-ai.com/,可用
https://chatdoc.com/,可用
https://chat2doc.cn/,可用
https://www.roomgpt.io/dream,可用
https://www.sqlkiller.com/,可用
https://www.cluebenchmarks.com/clueai.html,可用
https://welm.weixin.qq.com/docs/introduction/,可用
https://ai-toolbox.codefuture.top/,可用
https://www.gaoding.com/ai,可用
