URL,状态
URL,不可用
https://geekch.art/,不可用
https://chatbot.theb.ai/,不可用
https://poe.com/,不可用
https://chat8.yqcloud.top/,不可用
https://wen.geekr.dev,不可用
https://free.anzz.top/,不可用
https://www.askme.mom/,不可用
https://www.aiai.zone,不可用
https://chat8.xeasy.me,不可用
https://ai.ls/,不可用
https://desk.im/,不可用
https://freegpt.one/,不可用
https://aka.mydog.buzz,不可用
https://www.teach-anything.com/,不可用
https://beta.character.ai/,不可用
https://gpt.getshare.net/,不可用
https://ai.ci,不可用
https://xc.com/,不可用
https://openprompt.co/ChatGPT,不可用
http://ai.jjzn.top/,不可用
https://chat5.xeasy.me/,不可用
https://www.ftcl.store/,不可用
https://94gpt.com/,不可用
https://tryai.top/freechat,不可用
https://www.ohmygpt.com/,不可用
https://chatmindai.com/,不可用
https://chatcat.pages.dev/,不可用
http://newb.site/chatgpt,不可用
http://gitopenchina.gitee.io/freechatgpt,不可用
https://www.typingmind.com/,不可用
https://chat.topsearcher.top/,不可用
https://gpt.clashus.com/,不可用
https://builtbyjesse.com/lab,不可用
https://ai117.com/,不可用
https://ai.okmiku.com/chat/,不可用
https://openai.onenov.cn/,不可用
https://chat.sunls.me/,不可用
https://chat.51buygpt.com/,不可用
https://litechat.22733.site/,不可用
https://chatforai.com/,不可用
https://freechatgpt.chat/,不可用
https://chat35.com/,不可用
https://trychatgp.com/,不可用
http://gitopenchina.gitee.io/gpt,不可用
https://zhoubaotong.com/zh,不可用
https://www.abab123.tk/,不可用
https://chatplus.app,不可用
https://www.aicodehelper.com/,不可用
https://chilloutai.com/,不可用
https://wordstory.streamlit.app/,不可用
https://hotoke.ai/,不可用
https://docsgpt.arc53.com/,不可用
https://b.jimmylv.cn/,不可用
https://vrtalk.io/,不可用
https://open-gpt.app/,不可用
https://aicolors.co/,不可用
https://www.cursor.so/,不可用
https://regex.ai/,不可用
https://openprompt.co/,不可用
https://zcc.app/,不可用
https://poe.com/,不可用
https://zhoubaotong.com/zh,不可用
https://www.cursor.so/,不可用
https://www.chatpdf.com/,不可用
https://aicolors.co/,不可用
https://hotoke.ai/,不可用
https://www.chatmind.tech/,不可用
